{"cameraMode":{"drawMode":0,"name":"Shaded","section":"Shading Mode"},"sceneLighting":true,"audioPlay":false,"sceneViewState":{"m_AlwaysRefresh":false,"showFog":true,"showSkybox":true,"showFlares":true,"showImageEffects":true,"showParticleSystems":true,"showVisualEffectGraphs":true,"m_FxEnabled":true},"in2DMode":false,"pivot":{"x":-0.1411881446838379,"y":0.9627291560173035,"z":0.7180477976799011},"rotation":{"x":-0.19020211696624757,"y":-0.09643299132585526,"z":0.018777059391140939,"w":-0.9768195748329163},"size":0.83161860704422,"orthographic":false}